{"cameraMode":{"drawMode":0,"name":"Shaded","section":"Shading Mode"},"sceneLighting":true,"audioPlay":false,"sceneViewState":{"m_AlwaysRefresh":false,"showFog":true,"showSkybox":true,"showFlares":true,"showImageEffects":true,"showParticleSystems":true,"showVisualEffectGraphs":true,"m_FxEnabled":true},"in2DMode":false,"pivot":{"x":33.29453659057617,"y":4.1006550788879398,"z":31.700828552246095},"rotation":{"x":-0.003835535142570734,"y":0.39981746673583987,"z":0.0016874539433047176,"w":0.9166156053543091},"size":28.07738494873047,"orthographic":false}